0,0,0,107.3999999999986
1,0,1,28.0000000000001
2,0,10,0.30000000000000004
3,0,11,0.9999999999999999
4,0,12,0.4
5,0,13,2.9000000000000012
6,0,14,0.30000000000000004
7,0,16,0.5
8,0,17,0.2
9,0,2,0.7
10,0,27,0.2
11,0,3,0.1
12,0,35,0.1
13,0,4,0.1
14,0,43,0.1
15,0,45,0.4
16,0,46,0.30000000000000004
17,0,5,0.1
18,0,56,0.1
19,0,6,1.4000000000000004
20,0,7,0.30000000000000004
21,0,8,1.8000000000000005
22,0,9,0.4
23,1,0,28.600000000000126
24,1,1,12.299999999999981
25,1,11,0.1
26,1,13,2.800000000000001
27,1,14,0.1
28,1,15,0.1
29,1,2,0.1
30,1,27,1.0999999999999999
31,1,3,0.1
32,1,4,0.30000000000000004
33,1,6,0.1
34,1,8,0.2
35,10,1,0.1
36,10,10,41.30000000000015
37,10,11,3.5000000000000018
38,10,12,4.799999999999999
39,10,13,6.899999999999994
40,10,14,19.0
41,10,15,0.30000000000000004
42,10,16,2.9000000000000012
43,10,17,2.0000000000000004
44,10,18,0.30000000000000004
45,10,19,0.1
46,10,2,0.5
47,10,20,0.5
48,10,22,0.1
49,10,26,0.2
50,10,3,0.5
51,10,38,0.2
52,10,4,0.7
53,10,43,0.1
54,10,44,0.2
55,10,5,0.7000000000000001
56,10,55,0.2
57,10,56,0.1
58,10,57,0.5
59,10,6,1.5000000000000002
60,10,7,7.099999999999996
61,10,8,12.699999999999973
62,10,9,61.20000000000047
63,11,0,0.7999999999999999
64,11,1,0.1
65,11,10,4.200000000000001
66,11,11,252.69999999999072
67,11,12,82.69999999999966
68,11,13,72.70000000000014
69,11,14,28.10000000000011
70,11,15,34.30000000000017
71,11,16,10.39999999999998
72,11,17,14.899999999999967
73,11,18,1.2
74,11,19,0.8999999999999999
75,11,2,12.699999999999973
76,11,20,1.8000000000000005
77,11,21,0.2
78,11,22,0.1
79,11,23,0.30000000000000004
80,11,24,1.4000000000000001
81,11,27,0.4
82,11,28,0.30000000000000004
83,11,3,8.39999999999999
84,11,31,0.30000000000000004
85,11,33,0.1
86,11,34,0.1
87,11,35,0.1
88,11,36,0.2
89,11,37,0.30000000000000004
90,11,38,0.6
91,11,39,0.6
92,11,4,11.09999999999998
93,11,40,0.30000000000000004
94,11,43,0.4
95,11,44,0.4
96,11,45,0.2
97,11,47,0.1
98,11,48,0.8999999999999999
99,11,49,0.2
100,11,5,12.999999999999973
101,11,50,0.8999999999999999
102,11,53,0.7999999999999999
103,11,54,0.2
104,11,55,0.2
105,11,56,0.6
106,11,57,0.1
107,11,59,0.5
108,11,6,58.20000000000052
109,11,65,0.1
110,11,7,3.3000000000000016
111,11,71,0.1
112,11,8,78.49999999999984
113,11,9,31.400000000000134
114,12,0,0.2
115,12,10,3.700000000000002
116,12,11,86.8999999999995
117,12,12,39.70000000000027
118,12,13,74.40000000000013
119,12,14,30.40000000000014
120,12,15,7.199999999999993
121,12,16,7.799999999999991
122,12,17,7.49999999999999
123,12,18,0.8999999999999999
124,12,19,0.8999999999999999
125,12,2,4.300000000000001
126,12,20,0.6
127,12,21,0.30000000000000004
128,12,22,0.1
129,12,23,0.2
130,12,24,0.30000000000000004
131,12,25,0.4
132,12,27,0.4
133,12,28,0.1
134,12,3,2.7000000000000015
135,12,32,0.2
136,12,36,0.2
137,12,37,0.2
138,12,38,0.7
139,12,39,0.4
140,12,4,3.3000000000000016
141,12,40,0.1
142,12,41,0.30000000000000004
143,12,44,0.1
144,12,45,0.1
145,12,47,0.4
146,12,48,0.7999999999999999
147,12,49,0.1
148,12,5,5.099999999999999
149,12,50,0.1
150,12,51,0.1
151,12,53,0.4
152,12,59,0.2
153,12,6,21.00000000000002
154,12,7,2.000000000000001
155,12,70,0.1
156,12,8,83.69999999999978
157,12,9,30.700000000000156
158,13,0,3.1000000000000014
159,13,1,2.8000000000000007
160,13,10,8.799999999999988
161,13,11,83.19999999999973
162,13,12,75.80000000000004
163,13,13,151.09999999999667
164,13,14,72.60000000000022
165,13,15,6.599999999999996
166,13,16,22.900000000000045
167,13,17,20.900000000000027
168,13,18,2.400000000000001
169,13,19,2.500000000000001
170,13,2,7.499999999999992
171,13,20,3.300000000000001
172,13,21,0.4
173,13,22,0.5
174,13,23,0.9999999999999999
175,13,24,2.0000000000000004
176,13,25,0.1
177,13,27,0.9999999999999999
178,13,28,0.2
179,13,29,0.2
180,13,3,4.799999999999999
181,13,31,0.1
182,13,32,0.2
183,13,34,0.30000000000000004
184,13,35,0.1
185,13,37,0.6
186,13,38,1.0999999999999999
187,13,39,0.7999999999999999
188,13,4,4.400000000000001
189,13,43,0.7
190,13,44,0.4
191,13,45,0.30000000000000004
192,13,47,0.4
193,13,48,0.8999999999999999
194,13,49,0.2
195,13,5,7.299999999999993
196,13,50,0.30000000000000004
197,13,51,0.2
198,13,53,0.4
199,13,56,0.4
200,13,57,0.2
201,13,58,0.2
202,13,59,0.2
203,13,6,24.800000000000047
204,13,65,0.1
205,13,66,0.2
206,13,67,0.2
207,13,69,0.1
208,13,7,4.799999999999999
209,13,71,0.1
210,13,73,0.1
211,13,8,164.89999999999566
212,13,9,55.50000000000048
213,14,0,0.4
214,14,1,0.2
215,14,10,21.700000000000035
216,14,11,31.20000000000016
217,14,12,28.60000000000013
218,14,13,73.8000000000001
219,14,14,145.29999999999654
220,14,15,4.5
221,14,16,42.10000000000031
222,14,17,24.50000000000006
223,14,18,0.8999999999999999
224,14,19,0.4
225,14,2,4.200000000000001
226,14,20,0.4
227,14,21,0.1
228,14,22,0.2
229,14,23,0.2
230,14,24,0.8999999999999999
231,14,25,0.2
232,14,27,0.2
233,14,28,0.1
234,14,29,0.1
235,14,3,3.4000000000000017
236,14,35,0.30000000000000004
237,14,37,0.30000000000000004
238,14,38,0.4
239,14,39,0.1
240,14,4,2.9000000000000017
241,14,41,0.1
242,14,42,0.5
243,14,43,0.4
244,14,44,0.7
245,14,45,0.2
246,14,47,0.2
247,14,48,0.30000000000000004
248,14,5,4.999999999999999
249,14,51,0.2
250,14,53,0.1
251,14,55,0.30000000000000004
252,14,56,0.2
253,14,57,0.5
254,14,59,0.2
255,14,6,13.599999999999968
256,14,60,0.1
257,14,65,0.1
258,14,67,0.1
259,14,7,4.799999999999998
260,14,70,0.1
261,14,8,83.8999999999996
262,14,9,77.70000000000003
263,15,10,0.4
264,15,11,35.80000000000019
265,15,12,7.399999999999991
266,15,13,6.7999999999999945
267,15,14,4.200000000000001
268,15,15,25.000000000000064
269,15,16,2.2000000000000006
270,15,17,2.400000000000001
271,15,19,0.2
272,15,2,1.0999999999999999
273,15,21,0.1
274,15,24,0.2
275,15,29,0.1
276,15,3,1.3
277,15,35,0.1
278,15,38,0.1
279,15,39,0.2
280,15,4,0.5
281,15,5,0.8999999999999999
282,15,54,0.1
283,15,6,4.200000000000001
284,15,7,0.2
285,15,8,4.9
286,15,9,2.7000000000000015
287,16,0,0.6
288,16,1,0.2
289,16,10,3.900000000000002
290,16,11,12.199999999999976
291,16,12,7.89999999999999
292,16,13,23.90000000000007
293,16,14,44.50000000000032
294,16,15,2.2000000000000006
295,16,16,62.60000000000054
296,16,17,52.10000000000043
297,16,18,0.5
298,16,19,0.30000000000000004
299,16,2,1.6
300,16,21,0.4
301,16,22,0.1
302,16,24,1.0999999999999999
303,16,25,0.1
304,16,27,0.2
305,16,28,0.2
306,16,3,0.9999999999999999
307,16,31,0.1
308,16,35,0.2
309,16,36,0.4
310,16,38,0.5
311,16,39,0.1
312,16,4,1.4
313,16,46,0.4
314,16,48,0.2
315,16,49,0.2
316,16,5,2.600000000000001
317,16,50,0.1
318,16,51,0.1
319,16,59,0.4
320,16,6,5.9999999999999964
321,16,7,1.2
322,16,71,0.1
323,16,8,18.19999999999999
324,16,9,12.599999999999973
325,17,10,2.600000000000001
326,17,11,16.099999999999962
327,17,12,7.599999999999991
328,17,13,22.90000000000004
329,17,14,27.200000000000102
330,17,15,2.3000000000000007
331,17,16,49.7000000000004
332,17,17,143.79999999999714
333,17,18,0.1
334,17,19,0.30000000000000004
335,17,2,2.2
336,17,20,1.0999999999999999
337,17,21,0.2
338,17,24,0.8999999999999999
339,17,25,0.1
340,17,29,0.1
341,17,3,1.8000000000000003
342,17,36,0.7
343,17,38,1.2000000000000002
344,17,39,0.4
345,17,4,2.3000000000000007
346,17,42,0.5
347,17,43,0.2
348,17,44,0.1
349,17,46,0.1
350,17,48,1.3
351,17,49,0.2
352,17,5,1.3
353,17,50,0.2
354,17,51,0.2
355,17,53,0.1
356,17,54,0.2
357,17,56,0.1
358,17,57,0.1
359,17,58,0.1
360,17,59,0.2
361,17,6,6.899999999999993
362,17,65,0.2
363,17,67,0.2
364,17,7,1.0999999999999999
365,17,8,17.199999999999978
366,17,9,6.699999999999994
367,18,10,0.4
368,18,11,1.6000000000000003
369,18,12,0.7999999999999999
370,18,13,2.1000000000000005
371,18,14,0.8999999999999999
372,18,15,0.1
373,18,16,0.30000000000000004
374,18,17,0.30000000000000004
375,18,18,165.89999999999554
376,18,19,212.6999999999932
377,18,2,0.4
378,18,20,201.1999999999938
379,18,22,17.099999999999973
380,18,23,37.00000000000019
381,18,26,0.6
382,18,29,4.699999999999999
383,18,32,0.30000000000000004
384,18,37,0.2
385,18,38,0.9
386,18,39,0.7
387,18,40,0.30000000000000004
388,18,41,0.1
389,18,43,0.1
390,18,45,0.1
391,18,47,0.7999999999999999
392,18,48,1.4000000000000001
393,18,49,0.2
394,18,5,0.1
395,18,50,0.1
396,18,53,0.7
397,18,55,0.1
398,18,56,0.30000000000000004
399,18,57,0.1
400,18,6,0.7999999999999999
401,18,73,0.30000000000000004
402,18,8,1.0999999999999999
403,18,9,0.5
404,19,10,0.2
405,19,11,1.0999999999999999
406,19,12,0.8999999999999999
407,19,13,1.9000000000000006
408,19,14,0.30000000000000004
409,19,16,0.2
410,19,17,0.2
411,19,18,212.69999999999297
412,19,19,133.69999999999715
413,19,2,0.2
414,19,20,156.09999999999596
415,19,22,20.00000000000001
416,19,23,36.700000000000216
417,19,24,0.2
418,19,26,0.30000000000000004
419,19,29,3.3000000000000016
420,19,30,0.30000000000000004
421,19,34,0.30000000000000004
422,19,35,0.1
423,19,38,1.5000000000000002
424,19,39,0.5
425,19,40,0.2
426,19,43,0.30000000000000004
427,19,44,0.1
428,19,47,0.7999999999999999
429,19,48,1.9000000000000004
430,19,49,0.2
431,19,5,0.1
432,19,54,0.1
433,19,55,0.1
434,19,56,0.2
435,19,57,0.2
436,19,6,0.4
437,19,64,0.1
438,19,67,0.1
439,19,8,0.9999999999999999
440,19,9,0.5
441,2,0,0.4
442,2,1,0.30000000000000004
443,2,10,0.30000000000000004
444,2,11,13.399999999999975
445,2,12,2.500000000000001
446,2,13,8.099999999999989
447,2,14,3.8000000000000016
448,2,15,0.4
449,2,16,1.3
450,2,17,1.6000000000000003
451,2,18,0.6
452,2,19,0.2
453,2,2,186.09999999999457
454,2,20,0.1
455,2,24,0.2
456,2,28,0.2
457,2,29,0.2
458,2,3,11.299999999999978
459,2,30,0.1
460,2,34,0.1
461,2,36,0.1
462,2,38,0.30000000000000004
463,2,4,21.80000000000003
464,2,44,0.1
465,2,45,0.1
466,2,46,0.1
467,2,48,0.1
468,2,5,8.999999999999986
469,2,50,0.1
470,2,56,0.30000000000000004
471,2,57,0.1
472,2,58,0.1
473,2,59,0.1
474,2,6,16.099999999999966
475,2,67,0.1
476,2,7,0.5
477,2,8,7.89999999999999
478,2,9,5.399999999999998
479,20,0,0.1
480,20,11,2.1000000000000005
481,20,12,0.6
482,20,13,3.3000000000000016
483,20,14,0.5
484,20,15,0.1
485,20,17,1.1
486,20,18,207.1999999999933
487,20,19,160.89999999999574
488,20,2,0.1
489,20,20,149.29999999999634
490,20,21,0.1
491,20,22,13.799999999999969
492,20,23,70.80000000000027
493,20,26,0.8999999999999999
494,20,27,0.1
495,20,29,3.700000000000002
496,20,3,0.1
497,20,30,0.1
498,20,32,0.1
499,20,34,0.5
500,20,37,0.1
501,20,38,1.6000000000000003
502,20,39,0.9999999999999999
503,20,41,0.1
504,20,47,0.4
505,20,48,2.3000000000000007
506,20,49,0.4
507,20,5,0.2
508,20,51,0.2
509,20,54,0.1
510,20,56,0.1
511,20,57,0.1
512,20,59,0.2
513,20,6,0.7999999999999999
514,20,65,0.1
515,20,70,0.30000000000000004
516,20,8,1.5000000000000002
517,20,9,0.9999999999999999
518,21,10,0.30000000000000004
519,21,11,0.4
520,21,12,0.1
521,21,13,0.4
522,21,14,0.2
523,21,15,0.1
524,21,16,0.30000000000000004
525,21,17,0.2
526,21,20,0.1
527,21,21,6.899999999999999
528,21,24,0.1
529,21,27,0.1
530,21,31,0.1
531,21,4,0.2
532,21,45,0.1
533,21,53,0.1
534,21,6,0.4
535,21,8,0.2
536,22,10,0.1
537,22,11,0.1
538,22,13,0.4
539,22,14,0.1
540,22,18,16.799999999999972
541,22,19,21.50000000000003
542,22,20,14.499999999999968
543,22,22,54.100000000000385
544,22,23,4.200000000000001
545,22,24,0.2
546,22,26,0.1
547,22,29,4.000000000000002
548,22,30,0.2
549,22,32,0.1
550,22,34,1.2
551,22,36,0.1
552,22,38,0.6
553,22,39,0.7999999999999999
554,22,4,0.1
555,22,45,0.1
556,22,47,0.7999999999999999
557,22,48,0.7999999999999999
558,22,49,0.30000000000000004
559,22,5,0.1
560,22,6,0.1
561,22,8,0.1
562,23,11,0.2
563,23,12,0.30000000000000004
564,23,13,0.6
565,23,14,0.2
566,23,17,0.1
567,23,18,35.80000000000022
568,23,19,37.600000000000236
569,23,20,68.10000000000045
570,23,22,3.900000000000002
571,23,23,60.5000000000005
572,23,24,0.1
573,23,26,0.6
574,23,29,0.6
575,23,3,0.1
576,23,34,0.5
577,23,38,0.6000000000000001
578,23,39,0.9
579,23,4,0.2
580,23,45,0.3
581,23,47,0.4
582,23,48,0.6
583,23,49,0.2
584,23,50,0.1
585,23,59,0.30000000000000004
586,23,61,0.2
587,23,65,0.1
588,24,0,0.1
589,24,11,1.2
590,24,12,0.4
591,24,13,2.2000000000000006
592,24,14,0.7999999999999999
593,24,15,0.2
594,24,16,0.5
595,24,17,0.4
596,24,18,0.2
597,24,2,0.30000000000000004
598,24,20,0.1
599,24,21,0.1
600,24,23,0.1
601,24,24,186.09999999999553
602,24,28,3.1000000000000014
603,24,3,0.4
604,24,31,0.9999999999999999
605,24,33,0.1
606,24,35,1.3
607,24,36,1.4000000000000001
608,24,37,0.8
609,24,39,0.1
610,24,4,0.1
611,24,41,0.30000000000000004
612,24,42,2.3000000000000007
613,24,43,2.700000000000001
614,24,44,2.0000000000000004
615,24,45,0.6
616,24,46,0.5
617,24,49,0.5
618,24,5,0.5
619,24,50,1.4000000000000001
620,24,51,0.8999999999999999
621,24,53,1.4000000000000001
622,24,54,0.30000000000000004
623,24,55,0.7999999999999999
624,24,56,0.5
625,24,57,1.3
626,24,58,0.7
627,24,59,1.3
628,24,6,0.5
629,24,60,0.5
630,24,61,0.1
631,24,62,0.1
632,24,66,0.2
633,24,67,0.1
634,24,68,0.1
635,24,70,0.1
636,24,71,0.2
637,24,8,0.8999999999999999
638,24,9,0.7
639,25,0,0.30000000000000004
640,25,12,0.30000000000000004
641,25,13,0.2
642,25,14,0.1
643,25,17,0.1
644,25,25,147.29999999999654
645,25,27,151.99999999999628
646,25,36,0.4
647,25,37,0.1
648,25,38,0.1
649,25,43,0.4
650,25,44,0.30000000000000004
651,25,45,0.5
652,25,46,0.4
653,25,48,0.2
654,25,50,0.5
655,25,51,0.9999999999999999
656,25,53,2.3000000000000003
657,25,54,0.6
658,25,56,1.6000000000000003
659,25,57,1.2000000000000002
660,25,59,0.5
661,25,60,0.30000000000000004
662,25,61,0.2
663,25,7,1.2999999999999998
664,25,70,0.1
665,25,8,0.2
666,26,18,0.7
667,26,19,0.30000000000000004
668,26,20,0.7
669,26,22,0.1
670,26,23,0.6
671,26,26,5.399999999999998
672,26,29,0.1
673,26,30,0.1
674,26,32,0.1
675,26,38,0.2
676,26,39,0.7999999999999999
677,26,40,0.1
678,26,47,0.2
679,26,48,0.6
680,26,55,0.1
681,27,1,0.7999999999999999
682,27,10,0.2
683,27,11,0.1
684,27,12,0.4
685,27,13,0.8
686,27,14,0.7
687,27,16,0.4
688,27,17,0.1
689,27,19,0.1
690,27,21,0.1
691,27,24,0.2
692,27,25,148.29999999999652
693,27,27,189.79999999999416
694,27,36,0.1
695,27,37,0.2
696,27,43,0.9999999999999999
697,27,44,0.2
698,27,45,0.7999999999999999
699,27,46,0.5
700,27,47,0.1
701,27,48,0.1
702,27,50,1.3000000000000003
703,27,51,1.0999999999999999
704,27,53,1.7000000000000004
705,27,54,0.2
706,27,55,0.30000000000000004
707,27,56,3.1000000000000014
708,27,57,2.2000000000000006
709,27,58,0.1
710,27,59,0.30000000000000004
711,27,6,0.1
712,27,64,0.1
713,27,65,0.1
714,27,67,0.1
715,27,7,0.2
716,27,8,0.4
717,27,9,0.4
718,28,11,0.1
719,28,13,0.5
720,28,14,0.1
721,28,16,0.2
722,28,17,0.1
723,28,2,0.2
724,28,24,2.700000000000001
725,28,28,17.799999999999976
726,28,31,2.500000000000001
727,28,33,0.5
728,28,35,0.7
729,28,36,0.6000000000000001
730,28,37,1.0999999999999999
731,28,43,0.6
732,28,44,1.0999999999999999
733,28,45,0.30000000000000004
734,28,46,0.1
735,28,50,0.7
736,28,51,0.6
737,28,53,1.5000000000000002
738,28,54,0.30000000000000004
739,28,55,0.30000000000000004
740,28,56,1.4000000000000001
741,28,57,0.4
742,28,59,0.4
743,28,8,0.1
744,29,10,0.2
745,29,11,0.2
746,29,15,0.1
747,29,17,0.4
748,29,18,4.500000000000001
749,29,19,3.5000000000000018
750,29,2,0.30000000000000004
751,29,20,4.4
752,29,22,3.900000000000002
753,29,23,0.7
754,29,26,0.1
755,29,29,85.29999999999954
756,29,3,0.1
757,29,30,23.500000000000053
758,29,32,22.100000000000012
759,29,34,9.699999999999983
760,29,38,5.399999999999997
761,29,39,6.099999999999996
762,29,4,0.30000000000000004
763,29,40,1.4000000000000001
764,29,43,0.1
765,29,47,3.2000000000000015
766,29,48,7.599999999999991
767,29,49,1.7000000000000004
768,29,56,0.1
769,29,57,0.2
770,29,59,0.1
771,29,6,0.30000000000000004
772,29,7,0.1
773,29,8,0.1
774,29,9,0.1
775,3,10,0.2
776,3,11,8.599999999999989
777,3,12,2.5000000000000004
778,3,13,4.000000000000002
779,3,14,3.7000000000000024
780,3,15,1.5000000000000002
781,3,16,0.8999999999999999
782,3,17,2.400000000000001
783,3,18,0.1
784,3,2,11.699999999999978
785,3,23,0.2
786,3,24,0.30000000000000004
787,3,27,0.1
788,3,3,64.80000000000054
789,3,30,0.1
790,3,38,0.1
791,3,4,41.2000000000003
792,3,45,0.1
793,3,47,0.1
794,3,48,0.2
795,3,5,9.399999999999984
796,3,55,0.1
797,3,57,0.30000000000000004
798,3,59,0.1
799,3,6,12.499999999999975
800,3,62,0.2
801,3,7,0.7999999999999999
802,3,8,5.1999999999999975
803,3,9,1.8000000000000005
804,30,18,0.1
805,30,20,0.1
806,30,22,0.1
807,30,26,0.1
808,30,29,24.800000000000043
809,30,3,0.1
810,30,30,2.700000000000001
811,30,32,10.499999999999986
812,30,34,3.800000000000002
813,30,38,1.0999999999999999
814,30,39,1.7000000000000004
815,30,40,2.3000000000000007
816,30,47,0.30000000000000004
817,30,48,1.3
818,30,49,0.5
819,30,51,0.1
820,31,11,0.1
821,31,12,0.1
822,31,13,0.2
823,31,19,0.1
824,31,21,0.1
825,31,24,1.2
826,31,25,0.1
827,31,28,2.400000000000001
828,31,3,0.1
829,31,31,95.19999999999929
830,31,33,10.499999999999982
831,31,35,9.799999999999983
832,31,36,2.800000000000001
833,31,37,2.400000000000001
834,31,41,0.6
835,31,42,0.7
836,31,43,6.399999999999994
837,31,44,8.899999999999988
838,31,45,1.5000000000000002
839,31,46,0.6
840,31,48,0.1
841,31,5,0.1
842,31,50,2.2000000000000006
843,31,51,1.3
844,31,53,4.000000000000002
845,31,54,0.4
846,31,55,1.9000000000000006
847,31,56,5.299999999999997
848,31,57,1.7000000000000002
849,31,58,0.30000000000000004
850,31,59,0.4
851,31,60,0.5
852,31,61,0.1
853,31,62,0.30000000000000004
854,31,63,0.2
855,31,65,0.1
856,31,66,0.1
857,31,70,0.1
858,31,8,0.2
859,31,9,0.1
860,32,12,0.1
861,32,13,0.2
862,32,18,0.4
863,32,19,0.1
864,32,20,0.1
865,32,29,21.300000000000004
866,32,30,10.89999999999999
867,32,32,17.399999999999984
868,32,34,12.29999999999998
869,32,38,2.700000000000001
870,32,39,1.6
871,32,4,0.1
872,32,40,0.6
873,32,47,1.0999999999999999
874,32,48,2.100000000000001
875,32,49,0.7999999999999999
876,32,72,0.1
877,33,11,0.30000000000000004
878,33,13,0.1
879,33,17,0.1
880,33,24,0.30000000000000004
881,33,28,0.4
882,33,31,9.799999999999983
883,33,33,37.300000000000146
884,33,35,33.90000000000019
885,33,36,4.7
886,33,37,0.7
887,33,42,0.6
888,33,43,4.400000000000001
889,33,44,7.099999999999994
890,33,45,2.9000000000000012
891,33,46,0.9999999999999999
892,33,50,1.8000000000000005
893,33,51,1.7000000000000004
894,33,53,2.3000000000000007
895,33,54,0.5
896,33,55,0.5
897,33,56,3.1000000000000014
898,33,57,2.400000000000001
899,33,58,0.5
900,33,59,0.7
901,33,60,0.2
902,33,62,0.2
903,33,63,0.1
904,33,65,0.1
905,33,67,0.1
906,33,68,0.1
907,33,7,0.2
908,33,9,0.2
909,34,11,0.1
910,34,13,0.2
911,34,18,0.1
912,34,19,0.2
913,34,2,0.1
914,34,20,0.9999999999999999
915,34,22,0.9999999999999999
916,34,23,0.5
917,34,26,0.1
918,34,29,11.999999999999975
919,34,30,3.0000000000000013
920,34,32,12.799999999999978
921,34,34,152.3999999999966
922,34,38,16.29999999999996
923,34,39,15.299999999999965
924,34,40,2.1000000000000005
925,34,43,0.1
926,34,47,5.199999999999998
927,34,48,16.699999999999974
928,34,49,5.799999999999996
929,34,51,0.1
930,34,56,0.2
931,34,8,0.2
932,35,0,0.1
933,35,11,0.1
934,35,13,0.1
935,35,16,0.1
936,35,19,0.1
937,35,24,1.0999999999999999
938,35,25,0.1
939,35,28,0.7999999999999999
940,35,31,9.999999999999982
941,35,33,33.10000000000016
942,35,35,132.29999999999765
943,35,36,32.00000000000013
944,35,37,3.100000000000002
945,35,38,0.1
946,35,4,0.1
947,35,41,0.2
948,35,42,2.600000000000001
949,35,43,20.40000000000001
950,35,44,29.100000000000133
951,35,45,5.499999999999998
952,35,46,4.800000000000001
953,35,49,0.2
954,35,50,5.799999999999996
955,35,51,6.099999999999995
956,35,53,7.499999999999989
957,35,54,1.5000000000000002
958,35,55,2.400000000000001
959,35,56,7.5999999999999925
960,35,57,4.100000000000001
961,35,58,1.2
962,35,59,2.3000000000000007
963,35,60,0.7
964,35,61,0.5
965,35,62,0.8999999999999999
966,35,63,0.1
967,35,65,0.4
968,35,66,0.4
969,35,67,0.2
970,35,68,0.1
971,35,9,0.2
972,36,10,0.1
973,36,11,0.1
974,36,12,0.1
975,36,14,0.1
976,36,16,0.30000000000000004
977,36,17,0.1
978,36,24,1.6000000000000003
979,36,25,0.5
980,36,27,0.2
981,36,28,0.9999999999999999
982,36,3,0.1
983,36,31,2.800000000000001
984,36,33,3.9000000000000017
985,36,35,29.700000000000106
986,36,36,46.100000000000286
987,36,37,2.1000000000000005
988,36,41,0.1
989,36,42,1.5000000000000002
990,36,43,20.700000000000014
991,36,44,22.200000000000035
992,36,45,5.999999999999995
993,36,46,4.300000000000001
994,36,50,8.999999999999984
995,36,51,5.299999999999997
996,36,53,3.3000000000000016
997,36,54,0.2
998,36,55,2.500000000000001
999,36,56,1.7000000000000006
1000,36,57,1.9000000000000006
1001,36,58,0.8999999999999999
1002,36,59,3.4000000000000017
1003,36,60,1.8000000000000005
1004,36,61,0.4
1005,36,62,0.30000000000000004
1006,36,65,0.7
1007,36,67,0.2
1008,36,8,0.5
1009,37,0,0.1
1010,37,11,0.4
1011,37,13,0.2
1012,37,16,0.1
1013,37,18,0.1
1014,37,20,0.30000000000000004
1015,37,24,1.2
1016,37,27,0.2
1017,37,28,1.2
1018,37,31,1.7000000000000004
1019,37,33,0.7999999999999999
1020,37,35,3.1000000000000014
1021,37,36,1.6000000000000003
1022,37,37,144.29999999999697
1023,37,38,0.1
1024,37,4,0.2
1025,37,41,13.299999999999969
1026,37,42,119.49999999999787
1027,37,43,14.299999999999969
1028,37,44,8.299999999999988
1029,37,45,3.3000000000000016
1030,37,46,1.9000000000000004
1031,37,50,3.700000000000002
1032,37,51,3.0000000000000013
1033,37,53,6.399999999999994
1034,37,54,1.6000000000000003
1035,37,55,4.6
1036,37,56,9.099999999999985
1037,37,57,5.4999999999999964
1038,37,58,0.7999999999999999
1039,37,59,1.5000000000000002
1040,37,6,0.2
1041,37,60,0.6
1042,37,61,0.2
1043,37,62,0.6
1044,37,63,0.1
1045,37,65,0.7999999999999999
1046,37,67,0.2
1047,37,7,0.2
1048,37,71,0.6
1049,37,8,0.5
1050,37,9,0.1
1051,38,0,0.2
1052,38,11,1.5
1053,38,12,0.4
1054,38,13,0.9999999999999999
1055,38,14,0.9999999999999999
1056,38,15,0.2
1057,38,16,0.4
1058,38,17,0.7
1059,38,18,1.2
1060,38,19,1.5000000000000002
1061,38,2,0.1
1062,38,20,1.6000000000000003
1063,38,22,0.8999999999999999
1064,38,23,0.4
1065,38,24,0.1
1066,38,26,0.2
1067,38,27,0.2
1068,38,29,6.099999999999994
1069,38,3,0.1
1070,38,30,1.3000000000000003
1071,38,32,2.700000000000001
1072,38,34,15.499999999999963
1073,38,37,0.1
1074,38,38,288.6999999999961
1075,38,39,214.6999999999927
1076,38,4,0.1
1077,38,40,21.900000000000038
1078,38,43,0.1
1079,38,45,0.1
1080,38,47,132.8999999999973
1081,38,48,283.3999999999954
1082,38,49,26.600000000000097
1083,38,50,0.1
1084,38,51,0.1
1085,38,52,0.30000000000000004
1086,38,53,0.1
1087,38,54,0.2
1088,38,55,0.30000000000000004
1089,38,56,1.0
1090,38,57,0.30000000000000004
1091,38,58,0.1
1092,38,59,0.1
1093,38,6,1.0
1094,38,65,0.2
1095,38,67,0.1
1096,38,69,0.1
1097,38,7,0.1
1098,38,8,1.2
1099,38,9,0.4
1100,39,11,0.8
1101,39,12,0.5
1102,39,13,0.9999999999999999
1103,39,14,0.30000000000000004
1104,39,15,0.30000000000000004
1105,39,17,0.2
1106,39,18,0.7
1107,39,19,0.5
1108,39,20,1.7000000000000004
1109,39,22,0.6
1110,39,23,0.9999999999999999
1111,39,26,0.4
1112,39,27,0.1
1113,39,29,7.099999999999995
1114,39,30,1.6000000000000003
1115,39,32,2.3000000000000007
1116,39,34,13.199999999999973
1117,39,38,204.79999999999333
1118,39,39,181.39999999999475
1119,39,4,0.2
1120,39,40,37.40000000000023
1121,39,42,0.1
1122,39,43,0.2
1123,39,45,0.1
1124,39,47,45.60000000000035
1125,39,48,154.6999999999961
1126,39,49,38.80000000000025
1127,39,5,0.1
1128,39,51,0.2
1129,39,52,0.2
1130,39,53,0.2
1131,39,55,0.4
1132,39,56,0.30000000000000004
1133,39,58,0.1
1134,39,6,0.4
1135,39,67,0.1
1136,39,69,0.7
1137,39,8,0.7999999999999999
1138,39,9,0.30000000000000004
1139,4,1,0.30000000000000004
1140,4,10,0.8
1141,4,11,10.69999999999998
1142,4,12,3.1000000000000014
1143,4,13,3.600000000000002
1144,4,14,3.4000000000000017
1145,4,15,0.4
1146,4,16,1.2
1147,4,17,1.5000000000000002
1148,4,2,23.500000000000043
1149,4,21,0.2
1150,4,23,0.1
1151,4,3,41.70000000000026
1152,4,37,0.2
1153,4,39,0.1
1154,4,4,48.40000000000033
1155,4,45,0.1
1156,4,48,0.1
1157,4,5,20.300000000000022
1158,4,50,0.1
1159,4,51,0.1
1160,4,54,0.1
1161,4,55,0.1
1162,4,6,23.40000000000006
1163,4,61,0.1
1164,4,7,1.3000000000000003
1165,4,8,7.799999999999991
1166,4,9,2.1000000000000005
1167,40,12,0.1
1168,40,16,0.2
1169,40,18,0.30000000000000004
1170,40,19,0.2
1171,40,26,0.1
1172,40,29,1.7000000000000006
1173,40,30,1.6
1174,40,32,0.5
1175,40,34,3.0000000000000013
1176,40,38,20.30000000000001
1177,40,39,40.40000000000025
1178,40,40,32.600000000000136
1179,40,43,0.1
1180,40,47,4.699999999999999
1181,40,48,19.599999999999998
1182,40,49,40.80000000000028
1183,40,51,0.1
1184,40,56,0.2
1185,40,61,0.1
1186,40,70,0.1
1187,41,11,0.1
1188,41,12,0.30000000000000004
1189,41,14,0.1
1190,41,19,0.1
1191,41,24,0.2
1192,41,31,0.6
1193,41,35,0.2
1194,41,36,0.30000000000000004
1195,41,37,12.499999999999973
1196,41,41,47.8000000000003
1197,41,42,11.19999999999998
1198,41,43,2.3000000000000007
1199,41,44,1.3
1200,41,45,0.7
1201,41,46,0.2
1202,41,50,0.7999999999999999
1203,41,51,0.30000000000000004
1204,41,53,1.0999999999999999
1205,41,54,0.2
1206,41,55,0.4
1207,41,56,4.000000000000002
1208,41,57,1.7000000000000004
1209,41,58,0.4
1210,41,59,0.5
1211,41,6,0.1
1212,41,60,0.1
1213,41,61,0.1
1214,41,66,0.30000000000000004
1215,41,67,0.1
1216,41,68,0.1
1217,41,71,0.2
1218,42,14,0.6
1219,42,17,0.4
1220,42,24,2.5000000000000013
1221,42,27,0.1
1222,42,31,0.7999999999999999
1223,42,33,0.4
1224,42,34,0.1
1225,42,35,2.700000000000001
1226,42,36,1.8000000000000005
1227,42,37,123.49999999999791
1228,42,41,12.499999999999975
1229,42,42,326.8000000000036
1230,42,43,6.999999999999994
1231,42,44,5.300000000000001
1232,42,45,3.4000000000000017
1233,42,46,1.3000000000000003
1234,42,50,2.6000000000000014
1235,42,51,2.3000000000000007
1236,42,53,2.1000000000000005
1237,42,54,0.8
1238,42,55,2.2000000000000006
1239,42,56,2.700000000000001
1240,42,57,4.000000000000002
1241,42,58,0.30000000000000004
1242,42,59,1.2
1243,42,6,0.30000000000000004
1244,42,60,0.9999999999999999
1245,42,61,0.2
1246,42,62,0.30000000000000004
1247,42,65,1.6000000000000003
1248,42,66,0.8999999999999999
1249,42,67,0.2
1250,42,68,0.1
1251,42,8,0.1
1252,43,10,0.1
1253,43,11,0.7999999999999999
1254,43,13,0.7
1255,43,14,0.5
1256,43,16,0.2
1257,43,17,0.2
1258,43,18,0.1
1259,43,19,0.30000000000000004
1260,43,20,0.1
1261,43,23,0.1
1262,43,24,2.700000000000001
1263,43,25,0.7
1264,43,27,0.8999999999999999
1265,43,28,0.5
1266,43,31,5.999999999999995
1267,43,33,4.699999999999999
1268,43,35,18.399999999999988
1269,43,36,19.400000000000006
1270,43,37,13.69999999999997
1271,43,38,0.2
1272,43,39,0.4
1273,43,41,2.9000000000000012
1274,43,42,6.399999999999993
1275,43,43,334.50000000000375
1276,43,44,161.1999999999956
1277,43,45,21.400000000000023
1278,43,46,11.199999999999978
1279,43,48,0.1
1280,43,50,20.400000000000016
1281,43,51,17.99999999999999
1282,43,53,40.30000000000026
1283,43,54,4.000000000000003
1284,43,55,17.399999999999974
1285,43,56,32.60000000000016
1286,43,57,19.400000000000006
1287,43,58,4.500000000000001
1288,43,59,10.79999999999998
1289,43,6,0.2
1290,43,60,4.200000000000001
1291,43,61,1.8
1292,43,62,1.8000000000000005
1293,43,63,0.1
1294,43,65,2.2000000000000006
1295,43,66,0.5
1296,43,67,0.6
1297,43,68,0.5
1298,43,70,0.30000000000000004
1299,43,71,0.2
1300,43,8,0.2
1301,43,9,0.5
1302,44,10,0.1
1303,44,11,0.30000000000000004
1304,44,12,0.30000000000000004
1305,44,13,0.5
1306,44,14,1.1
1307,44,16,0.30000000000000004
1308,44,17,0.4
1309,44,2,0.1
1310,44,20,0.1
1311,44,23,0.1
1312,44,24,2.0000000000000004
1313,44,25,0.8
1314,44,27,0.5
1315,44,28,0.8999999999999999
1316,44,3,0.1
1317,44,31,8.999999999999988
1318,44,33,6.099999999999994
1319,44,35,27.800000000000104
1320,44,36,22.600000000000044
1321,44,37,7.89999999999999
1322,44,39,0.1
1323,44,41,1.3
1324,44,42,4.4
1325,44,43,156.59999999999587
1326,44,44,214.59999999999272
1327,44,45,40.00000000000026
1328,44,46,11.399999999999977
1329,44,48,0.2
1330,44,49,0.1
1331,44,5,0.1
1332,44,50,33.70000000000018
1333,44,51,20.000000000000014
1334,44,53,29.60000000000013
1335,44,54,6.699999999999994
1336,44,55,11.999999999999975
1337,44,56,20.60000000000002
1338,44,57,15.099999999999964
1339,44,58,3.100000000000002
1340,44,59,7.3999999999999915
1341,44,6,0.2
1342,44,60,3.800000000000002
1343,44,61,1.5000000000000002
1344,44,62,1.2
1345,44,63,0.30000000000000004
1346,44,64,0.4
1347,44,65,0.7999999999999999
1348,44,66,0.30000000000000004
1349,44,67,0.6
1350,44,68,0.2
1351,44,70,0.1
1352,44,71,0.1
1353,44,8,1.1
1354,44,9,0.2
1355,45,11,0.2
1356,45,13,0.1
1357,45,14,0.1
1358,45,17,0.1
1359,45,18,0.1
1360,45,22,0.1
1361,45,24,0.7999999999999999
1362,45,25,0.5
1363,45,27,0.5
1364,45,28,0.1
1365,45,31,1.0999999999999999
1366,45,33,2.8000000000000007
1367,45,35,6.899999999999992
1368,45,36,6.099999999999995
1369,45,37,3.3000000000000016
1370,45,4,0.1
1371,45,41,0.6
1372,45,42,3.0000000000000013
1373,45,43,21.90000000000004
1374,45,44,40.600000000000286
1375,45,45,164.8999999999957
1376,45,46,113.0999999999985
1377,45,50,137.9999999999972
1378,45,51,94.19999999999916
1379,45,53,17.69999999999997
1380,45,54,4.699999999999999
1381,45,55,6.399999999999994
1382,45,56,11.999999999999973
1383,45,57,8.29999999999999
1384,45,58,1.6000000000000003
1385,45,59,6.599999999999994
1386,45,6,0.1
1387,45,60,2.500000000000001
1388,45,61,0.2
1389,45,62,1.1
1390,45,65,0.4
1391,45,67,0.5
1392,45,68,0.30000000000000004
1393,45,69,0.1
1394,45,70,0.2
1395,45,72,0.1
1396,45,9,0.1
1397,46,0,0.2
1398,46,11,0.30000000000000004
1399,46,14,0.1
1400,46,16,0.1
1401,46,24,0.30000000000000004
1402,46,25,0.5
1403,46,27,1.0999999999999999
1404,46,28,0.2
1405,46,31,0.4
1406,46,33,1.1
1407,46,35,3.800000000000002
1408,46,36,4.4
1409,46,37,2.4000000000000004
1410,46,38,0.1
1411,46,41,0.1
1412,46,42,1.3000000000000003
1413,46,43,10.59999999999998
1414,46,44,11.199999999999978
1415,46,45,112.3999999999983
1416,46,46,160.59999999999795
1417,46,49,0.1
1418,46,50,78.09999999999987
1419,46,51,122.69999999999784
1420,46,53,12.099999999999975
1421,46,54,3.700000000000002
1422,46,55,3.900000000000002
1423,46,56,10.39999999999998
1424,46,57,7.199999999999992
1425,46,58,0.8999999999999999
1426,46,59,3.4000000000000017
1427,46,60,2.2000000000000006
1428,46,61,0.5
1429,46,62,1.0999999999999999
1430,46,65,0.4
1431,46,68,0.1
1432,46,7,0.1
1433,46,72,0.1
1434,46,8,0.2
1435,46,9,0.1
1436,47,11,0.2
1437,47,12,0.30000000000000004
1438,47,13,0.7999999999999999
1439,47,14,0.1
1440,47,18,0.7
1441,47,19,1.1
1442,47,20,0.6
1443,47,22,0.8999999999999999
1444,47,23,0.30000000000000004
1445,47,26,0.30000000000000004
1446,47,27,0.1
1447,47,29,2.9000000000000017
1448,47,3,0.1
1449,47,30,0.5
1450,47,32,1.5000000000000007
1451,47,34,4.300000000000002
1452,47,38,129.69999999999757
1453,47,39,45.20000000000033
1454,47,40,4.8
1455,47,44,0.1
1456,47,45,0.2
1457,47,47,86.69999999999955
1458,47,48,134.89999999999705
1459,47,49,8.499999999999988
1460,47,53,0.1
1461,47,56,0.6
1462,47,69,0.2
1463,47,8,0.5
1464,48,11,0.5
1465,48,12,0.7999999999999999
1466,48,13,1.5
1467,48,14,0.7999999999999999
1468,48,15,0.2
1469,48,16,0.2
1470,48,17,0.1
1471,48,18,1.3000000000000003
1472,48,19,2.400000000000001
1473,48,2,0.1
1474,48,20,2.3000000000000007
1475,48,22,0.6
1476,48,23,0.8999999999999999
1477,48,24,0.1
1478,48,26,0.2
1479,48,27,0.1
1480,48,29,9.399999999999984
1481,48,3,0.2
1482,48,30,1.1
1483,48,32,2.0000000000000004
1484,48,33,0.1
1485,48,34,14.599999999999968
1486,48,36,0.1
1487,48,38,290.49999999999744
1488,48,39,159.69999999999604
1489,48,4,0.2
1490,48,40,19.900000000000013
1491,48,41,0.2
1492,48,43,0.2
1493,48,44,0.2
1494,48,45,0.2
1495,48,47,142.59999999999707
1496,48,48,366.30000000000996
1497,48,49,42.80000000000028
1498,48,50,0.1
1499,48,51,0.1
1500,48,52,0.8999999999999999
1501,48,54,0.2
1502,48,55,0.1
1503,48,56,0.7
1504,48,57,0.9999999999999999
1505,48,58,0.30000000000000004
1506,48,59,0.2
1507,48,6,0.2
1508,48,65,0.30000000000000004
1509,48,67,0.1
1510,48,69,1.2
1511,48,7,0.1
1512,48,71,0.1
1513,48,72,0.1
1514,48,8,0.6
1515,48,9,0.7
1516,49,0,0.2
1517,49,11,0.2
1518,49,13,0.2
1519,49,17,0.1
1520,49,18,0.30000000000000004
1521,49,19,0.2
1522,49,2,0.1
1523,49,20,0.2
1524,49,22,0.7000000000000001
1525,49,23,0.1
1526,49,24,0.4
1527,49,27,0.1
1528,49,29,1.8000000000000005
1529,49,30,0.30000000000000004
1530,49,32,0.7
1531,49,34,6.199999999999995
1532,49,35,0.30000000000000004
1533,49,36,0.1
1534,49,38,27.300000000000093
1535,49,39,39.600000000000264
1536,49,40,42.60000000000029
1537,49,43,0.1
1538,49,44,0.2
1539,49,45,0.1
1540,49,46,0.2
1541,49,47,9.799999999999986
1542,49,48,44.40000000000032
1543,49,49,161.19999999999584
1544,49,52,0.2
1545,49,55,0.1
1546,49,6,0.1
1547,49,60,0.1
1548,49,69,0.1
1549,49,8,0.30000000000000004
1550,49,9,0.30000000000000004
1551,5,0,0.1
1552,5,10,0.5
1553,5,11,12.799999999999972
1554,5,12,5.999999999999997
1555,5,13,6.599999999999994
1556,5,14,4.8999999999999995
1557,5,15,1.0999999999999999
1558,5,16,2.500000000000001
1559,5,17,1.3
1560,5,18,0.1
1561,5,19,0.1
1562,5,2,9.999999999999982
1563,5,20,0.2
1564,5,22,0.1
1565,5,24,0.6
1566,5,3,9.299999999999985
1567,5,36,0.1
1568,5,37,0.2
1569,5,38,0.1
1570,5,4,20.000000000000014
1571,5,44,0.2
1572,5,45,0.2
1573,5,48,0.2
1574,5,5,32.2000000000001
1575,5,51,0.2
1576,5,57,0.1
1577,5,58,0.1
1578,5,6,32.900000000000176
1579,5,62,0.2
1580,5,7,0.7
1581,5,8,12.199999999999974
1582,5,9,4.799999999999999
1583,50,11,0.9999999999999999
1584,50,12,0.2
1585,50,13,0.4
1586,50,14,0.2
1587,50,16,0.30000000000000004
1588,50,17,0.1
1589,50,2,0.1
1590,50,20,0.1
1591,50,24,1.4000000000000001
1592,50,25,0.30000000000000004
1593,50,27,1.2000000000000002
1594,50,28,0.30000000000000004
1595,50,31,2.0000000000000004
1596,50,33,2.700000000000001
1597,50,34,0.2
1598,50,35,8.49999999999999
1599,50,36,7.99999999999999
1600,50,37,4.999999999999999
1601,50,38,0.1
1602,50,39,0.1
1603,50,41,0.30000000000000004
1604,50,42,2.3000000000000007
1605,50,43,20.40000000000002
1606,50,44,33.60000000000017
1607,50,45,138.19999999999706
1608,50,46,83.09999999999967
1609,50,48,0.1
1610,50,49,0.1
1611,50,50,188.89999999999426
1612,50,51,149.29999999999623
1613,50,53,31.500000000000156
1614,50,54,14.299999999999967
1615,50,55,11.69999999999998
1616,50,56,24.600000000000062
1617,50,57,20.200000000000014
1618,50,58,3.700000000000002
1619,50,59,9.199999999999985
1620,50,6,0.1
1621,50,60,5.399999999999997
1622,50,61,1.2999999999999998
1623,50,62,1.9000000000000004
1624,50,63,0.1
1625,50,65,1.2
1626,50,66,0.1
1627,50,67,0.7999999999999999
1628,50,68,0.2
1629,50,70,0.1
1630,50,71,0.30000000000000004
1631,50,8,0.2
1632,51,11,0.2
1633,51,12,0.30000000000000004
1634,51,13,0.30000000000000004
1635,51,14,0.4
1636,51,16,0.1
1637,51,19,0.1
1638,51,2,0.2
1639,51,20,0.1
1640,51,24,0.7999999999999999
1641,51,25,0.4
1642,51,27,0.5
1643,51,28,0.5
1644,51,30,0.1
1645,51,31,2.4000000000000004
1646,51,33,1.0999999999999999
1647,51,35,5.399999999999999
1648,51,36,6.899999999999992
1649,51,37,2.500000000000001
1650,51,38,0.1
1651,51,39,0.1
1652,51,40,0.1
1653,51,41,0.30000000000000004
1654,51,42,2.600000000000001
1655,51,43,19.199999999999996
1656,51,44,20.500000000000014
1657,51,45,95.49999999999913
1658,51,46,124.09999999999776
1659,51,49,0.1
1660,51,50,145.5999999999966
1661,51,51,254.2999999999913
1662,51,53,52.300000000000416
1663,51,54,14.799999999999963
1664,51,55,10.599999999999982
1665,51,56,39.600000000000264
1666,51,57,18.899999999999988
1667,51,58,3.4000000000000017
1668,51,59,11.299999999999978
1669,51,60,4.999999999999998
1670,51,61,1.8000000000000003
1671,51,62,2.2000000000000006
1672,51,63,0.30000000000000004
1673,51,65,1.2
1674,51,66,0.2
1675,51,67,0.6
1676,51,68,0.2
1677,51,71,0.1
1678,51,8,0.30000000000000004
1679,51,9,0.2
1680,52,38,0.7999999999999999
1681,52,39,0.4
1682,52,48,1.2000000000000002
1683,52,49,0.2
1684,52,52,0.1
1685,53,1,0.1
1686,53,10,0.2
1687,53,11,0.6
1688,53,12,0.30000000000000004
1689,53,13,0.1
1690,53,14,0.1
1691,53,17,0.30000000000000004
1692,53,18,0.4
1693,53,2,0.1
1694,53,20,0.2
1695,53,24,2.0000000000000004
1696,53,25,2.7000000000000006
1697,53,27,2.4000000000000004
1698,53,28,1.3
1699,53,31,3.200000000000001
1700,53,33,2.2000000000000006
1701,53,35,8.39999999999999
1702,53,36,3.0000000000000018
1703,53,37,6.299999999999995
1704,53,38,0.1
1705,53,39,0.1
1706,53,41,0.7999999999999999
1707,53,42,2.400000000000001
1708,53,43,39.10000000000024
1709,53,44,30.30000000000012
1710,53,45,20.70000000000001
1711,53,46,11.799999999999976
1712,53,47,0.4
1713,53,48,0.7999999999999999
1714,53,49,0.1
1715,53,50,29.50000000000012
1716,53,51,54.800000000000445
1717,53,53,306.2000000000001
1718,53,54,56.200000000000436
1719,53,55,72.40000000000015
1720,53,56,193.4999999999948
1721,53,57,171.8999999999954
1722,53,58,15.199999999999969
1723,53,59,64.30000000000052
1724,53,6,0.1
1725,53,60,10.199999999999985
1726,53,61,5.6000000000000005
1727,53,62,4.9
1728,53,63,2.1000000000000005
1729,53,65,8.39999999999999
1730,53,66,1.2
1731,53,67,4.2
1732,53,68,0.6
1733,53,70,0.5
1734,53,71,0.5
1735,53,73,0.4
1736,53,8,0.4
1737,53,9,0.2
1738,54,11,0.30000000000000004
1739,54,17,0.1
1740,54,18,0.1
1741,54,19,0.1
1742,54,20,0.1
1743,54,22,0.1
1744,54,24,0.7
1745,54,25,0.9
1746,54,27,0.2
1747,54,28,0.1
1748,54,3,0.1
1749,54,31,0.4
1750,54,33,0.5
1751,54,35,1.9000000000000008
1752,54,36,0.30000000000000004
1753,54,37,1.6000000000000003
1754,54,38,0.2
1755,54,39,0.1
1756,54,42,0.4
1757,54,43,5.1
1758,54,44,6.699999999999994
1759,54,45,4.000000000000002
1760,54,46,4.200000000000001
1761,54,50,16.199999999999967
1762,54,51,13.999999999999968
1763,54,53,60.400000000000546
1764,54,54,23.00000000000003
1765,54,55,13.09999999999997
1766,54,56,49.20000000000036
1767,54,57,42.400000000000254
1768,54,58,4.000000000000002
1769,54,59,11.699999999999978
1770,54,60,4.300000000000001
1771,54,61,1.5
1772,54,62,3.3000000000000016
1773,54,63,0.30000000000000004
1774,54,65,1.2
1775,54,66,0.30000000000000004
1776,54,67,0.1
1777,54,68,0.2
1778,54,70,0.1
1779,54,71,0.1
1780,54,9,0.1
1781,55,0,0.1
1782,55,11,0.1
1783,55,14,0.2
1784,55,17,0.2
1785,55,18,0.1
1786,55,19,0.2
1787,55,2,0.1
1788,55,24,0.7
1789,55,25,0.30000000000000004
1790,55,27,0.2
1791,55,28,0.2
1792,55,31,1.7000000000000002
1793,55,33,0.8999999999999999
1794,55,35,2.100000000000001
1795,55,36,2.0000000000000004
1796,55,37,3.5000000000000018
1797,55,38,0.1
1798,55,39,0.2
1799,55,4,0.1
1800,55,41,0.7
1801,55,42,1.9000000000000004
1802,55,43,16.799999999999972
1803,55,44,11.099999999999978
1804,55,45,6.499999999999994
1805,55,46,3.900000000000002
1806,55,48,0.2
1807,55,49,0.1
1808,55,50,10.899999999999979
1809,55,51,10.59999999999998
1810,55,53,68.60000000000035
1811,55,54,12.699999999999973
1812,55,55,239.89999999999276
1813,55,56,98.29999999999896
1814,55,57,31.400000000000144
1815,55,58,33.90000000000019
1816,55,59,77.29999999999993
1817,55,60,3.700000000000002
1818,55,61,0.9999999999999999
1819,55,62,1.4000000000000001
1820,55,63,0.1
1821,55,65,3.600000000000002
1822,55,66,0.7999999999999999
1823,55,67,0.8999999999999999
1824,55,68,0.4
1825,55,70,0.30000000000000004
1826,55,71,0.2
1827,55,73,0.2
1828,56,0,0.1
1829,56,10,0.1
1830,56,11,0.4
1831,56,12,0.2
1832,56,13,0.4
1833,56,14,0.30000000000000004
1834,56,15,0.30000000000000004
1835,56,16,0.2
1836,56,17,0.1
1837,56,18,0.1
1838,56,19,0.4
1839,56,24,0.8
1840,56,25,1.4000000000000001
1841,56,27,3.0000000000000013
1842,56,28,1.6000000000000003
1843,56,29,0.30000000000000004
1844,56,31,5.999999999999997
1845,56,33,3.1000000000000014
1846,56,34,0.1
1847,56,35,8.39999999999999
1848,56,36,1.6000000000000003
1849,56,37,10.099999999999982
1850,56,38,1.1
1851,56,39,0.6
1852,56,40,0.2
1853,56,41,3.7000000000000015
1854,56,42,2.700000000000001
1855,56,43,35.60000000000017
1856,56,44,22.500000000000036
1857,56,45,15.699999999999964
1858,56,46,10.999999999999979
1859,56,47,0.5
1860,56,48,0.7999999999999999
1861,56,50,26.50000000000009
1862,56,51,43.20000000000028
1863,56,53,209.29999999999407
1864,56,54,47.80000000000028
1865,56,55,108.49999999999888
1866,56,56,108.39999999999887
1867,56,57,226.4999999999934
1868,56,58,27.30000000000009
1869,56,59,130.09999999999843
1870,56,6,0.4
1871,56,60,13.599999999999971
1872,56,61,11.799999999999978
1873,56,62,7.199999999999992
1874,56,63,2.2000000000000006
1875,56,64,0.4
1876,56,65,13.199999999999973
1877,56,66,3.0000000000000013
1878,56,67,8.699999999999992
1879,56,68,1.8000000000000003
1880,56,7,0.2
1881,56,70,1.3000000000000003
1882,56,71,0.8999999999999999
1883,56,72,0.1
1884,56,74,0.2
1885,56,8,0.4
1886,56,9,0.30000000000000004
1887,57,1,0.1
1888,57,10,0.2
1889,57,11,0.4
1890,57,12,0.1
1891,57,14,0.2
1892,57,18,0.1
1893,57,19,0.2
1894,57,22,0.1
1895,57,24,1.6000000000000003
1896,57,25,2.0000000000000004
1897,57,27,2.400000000000001
1898,57,28,0.5
1899,57,29,0.1
1900,57,31,1.8000000000000007
1901,57,33,2.600000000000001
1902,57,35,4.6
1903,57,36,1.8000000000000005
1904,57,37,6.899999999999994
1905,57,38,0.30000000000000004
1906,57,4,0.1
1907,57,41,1.9000000000000004
1908,57,42,4.000000000000002
1909,57,43,20.20000000000002
1910,57,44,14.899999999999967
1911,57,45,10.799999999999981
1912,57,46,6.5999999999999925
1913,57,48,0.7999999999999999
1914,57,49,0.1
1915,57,5,0.30000000000000004
1916,57,50,21.100000000000033
1917,57,51,19.70000000000001
1918,57,53,171.09999999999562
1919,57,54,40.40000000000021
1920,57,55,33.700000000000145
1921,57,56,203.1999999999942
1922,57,57,241.49999999999193
1923,57,58,10.59999999999998
1924,57,59,40.60000000000025
1925,57,60,13.999999999999972
1926,57,61,9.299999999999986
1927,57,62,4.6
1928,57,63,1.4000000000000001
1929,57,65,9.599999999999987
1930,57,66,1.9000000000000001
1931,57,67,4.6000000000000005
1932,57,68,1.7000000000000004
1933,57,70,0.5
1934,57,71,0.5
1935,57,8,1.2
1936,57,9,0.1
1937,58,14,0.2
1938,58,24,0.5
1939,58,28,0.2
1940,58,29,0.1
1941,58,31,0.30000000000000004
1942,58,33,0.7
1943,58,35,0.9999999999999999
1944,58,36,1.0999999999999999
1945,58,37,0.7999999999999999
1946,58,38,0.1
1947,58,39,0.1
1948,58,41,0.2
1949,58,42,0.30000000000000004
1950,58,43,4.8999999999999995
1951,58,44,3.800000000000002
1952,58,45,1.7000000000000004
1953,58,46,0.7000000000000001
1954,58,48,0.4
1955,58,5,0.1
1956,58,50,4.100000000000001
1957,58,51,3.3000000000000016
1958,58,53,14.999999999999968
1959,58,54,3.700000000000002
1960,58,55,32.600000000000165
1961,58,56,26.700000000000095
1962,58,57,9.599999999999984
1963,58,58,58.00000000000032
1964,58,59,99.79999999999903
1965,58,6,0.1
1966,58,60,2.0000000000000004
1967,58,61,0.1
1968,58,62,1.4000000000000001
1969,58,63,0.1
1970,58,65,3.0000000000000013
1971,58,66,0.30000000000000004
1972,58,67,1.2
1973,58,68,0.4
1974,58,70,0.7
1975,58,72,0.2
1976,58,74,0.1
1977,59,11,0.30000000000000004
1978,59,14,0.2
1979,59,16,0.4
1980,59,20,0.1
1981,59,24,1.4000000000000001
1982,59,25,0.8999999999999999
1983,59,27,0.1
1984,59,28,0.2
1985,59,31,0.30000000000000004
1986,59,33,0.8999999999999999
1987,59,34,0.1
1988,59,35,2.9000000000000012
1989,59,36,3.1000000000000014
1990,59,37,1.7000000000000004
1991,59,38,0.30000000000000004
1992,59,41,0.4
1993,59,42,0.6
1994,59,43,10.79999999999998
1995,59,44,7.69999999999999
1996,59,45,5.199999999999999
1997,59,46,3.1000000000000014
1998,59,47,0.1
1999,59,48,0.1
2000,59,50,9.399999999999984
2001,59,51,11.099999999999978
2002,59,53,56.800000000000495
2003,59,54,9.699999999999983
2004,59,55,77.60000000000002
2005,59,56,120.29999999999838
2006,59,57,40.600000000000286
2007,59,58,97.19999999999895
2008,59,59,213.09999999999283
2009,59,6,0.1
2010,59,60,5.9999999999999964
2011,59,61,2.1000000000000005
2012,59,62,2.0
2013,59,63,0.2
2014,59,65,6.699999999999994
2015,59,66,2.3000000000000007
2016,59,67,4.999999999999998
2017,59,68,1.3
2018,59,69,0.1
2019,59,70,0.2
2020,59,72,0.1
2021,59,74,0.1
2022,59,8,0.1
2023,59,9,0.1
2024,6,0,1.5
2025,6,1,0.2
2026,6,10,0.7999999999999999
2027,6,11,62.00000000000058
2028,6,12,21.90000000000004
2029,6,13,24.000000000000064
2030,6,14,12.899999999999972
2031,6,15,4.4
2032,6,16,5.6999999999999975
2033,6,17,5.599999999999998
2034,6,18,0.4
2035,6,19,0.30000000000000004
2036,6,2,15.899999999999965
2037,6,20,1.1
2038,6,21,0.2
2039,6,23,0.2
2040,6,24,0.7
2041,6,27,0.30000000000000004
2042,6,29,0.2
2043,6,3,12.799999999999972
2044,6,36,0.1
2045,6,37,0.1
2046,6,38,0.6
2047,6,39,0.30000000000000004
2048,6,4,23.100000000000037
2049,6,42,0.30000000000000004
2050,6,43,0.2
2051,6,44,0.1
2052,6,45,0.30000000000000004
2053,6,47,0.2
2054,6,48,0.2
2055,6,5,32.400000000000176
2056,6,50,0.2
2057,6,53,0.1
2058,6,56,0.6
2059,6,59,0.1
2060,6,6,93.39999999999922
2061,6,7,1.7000000000000004
2062,6,8,36.00000000000023
2063,6,9,12.099999999999977
2064,60,17,0.2
2065,60,19,0.2
2066,60,24,0.1
2067,60,25,0.30000000000000004
2068,60,27,0.1
2069,60,31,0.6
2070,60,33,0.30000000000000004
2071,60,35,0.9999999999999999
2072,60,36,1.3
2073,60,37,0.7
2074,60,41,0.1
2075,60,42,0.8999999999999999
2076,60,43,4.300000000000001
2077,60,44,3.500000000000002
2078,60,45,2.600000000000001
2079,60,46,2.2000000000000006
2080,60,48,0.1
2081,60,50,4.899999999999999
2082,60,51,4.6
2083,60,53,9.699999999999985
2084,60,54,4.100000000000001
2085,60,55,3.800000000000002
2086,60,56,11.999999999999975
2087,60,57,15.899999999999967
2088,60,58,1.6
2089,60,59,6.899999999999992
2090,60,60,103.89999999999901
2091,60,61,25.500000000000075
2092,60,62,64.50000000000054
2093,60,63,6.8999999999999915
2094,60,64,0.8999999999999999
2095,60,65,1.2
2096,60,66,0.7
2097,60,67,1.2
2098,60,68,0.7
2099,60,70,0.1
2100,60,71,0.1
2101,60,8,0.1
2102,61,11,0.1
2103,61,24,0.4
2104,61,3,0.2
2105,61,31,0.2
2106,61,35,0.7
2107,61,36,0.5
2108,61,37,0.1
2109,61,4,0.1
2110,61,41,0.1
2111,61,42,0.2
2112,61,43,1.5000000000000002
2113,61,44,0.8999999999999999
2114,61,45,0.5
2115,61,46,0.7999999999999999
2116,61,48,0.1
2117,61,5,0.2
2118,61,50,1.3
2119,61,51,1.6000000000000003
2120,61,53,5.699999999999997
2121,61,54,1.5000000000000002
2122,61,55,0.6
2123,61,56,12.399999999999975
2124,61,57,8.799999999999986
2125,61,59,1.4000000000000001
2126,61,60,24.600000000000076
2127,61,61,44.60000000000027
2128,61,62,12.799999999999972
2129,61,63,18.599999999999977
2130,61,64,0.7999999999999999
2131,61,65,0.6
2132,61,66,0.30000000000000004
2133,61,74,0.1
2134,62,12,0.1
2135,62,24,0.30000000000000004
2136,62,31,0.2
2137,62,33,0.2
2138,62,34,0.1
2139,62,35,0.8999999999999999
2140,62,36,0.1
2141,62,37,0.8
2142,62,42,0.6
2143,62,43,1.6000000000000003
2144,62,44,1.3
2145,62,45,1.0999999999999999
2146,62,46,1.2
2147,62,49,0.1
2148,62,50,2.0000000000000004
2149,62,51,3.300000000000002
2150,62,53,4.500000000000001
2151,62,54,2.1000000000000005
2152,62,55,1.0999999999999999
2153,62,56,7.099999999999992
2154,62,57,4.000000000000002
2155,62,58,1.5
2156,62,59,2.4000000000000012
2157,62,60,62.90000000000058
2158,62,61,12.599999999999975
2159,62,62,147.1999999999975
2160,62,63,13.799999999999972
2161,62,64,0.4
2162,62,65,0.2
2163,62,66,0.4
2164,62,67,0.5
2165,62,68,0.1
2166,63,24,0.1
2167,63,31,0.30000000000000004
2168,63,33,0.1
2169,63,35,0.1
2170,63,37,0.1
2171,63,44,0.30000000000000004
2172,63,45,0.1
2173,63,50,0.1
2174,63,51,0.1
2175,63,53,1.5000000000000002
2176,63,54,0.1
2177,63,55,0.1
2178,63,56,2.0000000000000004
2179,63,57,1.2
2180,63,59,0.2
2181,63,60,6.5999999999999925
2182,63,61,19.799999999999983
2183,63,62,12.399999999999974
2184,63,63,6.399999999999996
2185,63,64,0.1
2186,63,65,0.1
2187,63,66,0.7
2188,63,67,0.1
2189,64,44,0.30000000000000004
2190,64,56,0.2
2191,64,60,0.7999999999999999
2192,64,61,0.7999999999999999
2193,64,62,0.5
2194,64,63,0.1
2195,65,11,0.1
2196,65,13,0.2
2197,65,17,0.1
2198,65,18,0.1
2199,65,23,0.1
2200,65,31,0.1
2201,65,33,0.1
2202,65,35,0.1
2203,65,36,1.0999999999999999
2204,65,37,0.7
2205,65,38,0.2
2206,65,39,0.1
2207,65,42,1.5000000000000002
2208,65,43,2.200000000000001
2209,65,44,0.8999999999999999
2210,65,45,0.5
2211,65,46,0.1
2212,65,50,1.2
2213,65,51,0.6
2214,65,53,7.299999999999992
2215,65,54,0.7999999999999999
2216,65,55,3.600000000000002
2217,65,56,12.099999999999982
2218,65,57,7.999999999999989
2219,65,58,3.3000000000000016
2220,65,59,6.899999999999992
2221,65,6,0.1
2222,65,60,0.8999999999999999
2223,65,61,0.7
2224,65,62,0.2
2225,65,63,0.1
2226,65,65,144.2999999999967
2227,65,66,7.899999999999993
2228,65,67,113.99999999999814
2229,65,68,6.2999999999999945
2230,65,70,5.899999999999995
2231,65,71,0.9999999999999999
2232,65,72,0.4
2233,65,73,0.1
2234,65,74,0.1
2235,65,8,0.1
2236,65,9,0.1
2237,66,24,0.2
2238,66,31,0.1
2239,66,35,0.4
2240,66,41,0.30000000000000004
2241,66,42,0.4
2242,66,43,0.7999999999999999
2243,66,44,0.5
2244,66,45,0.2
2245,66,46,0.30000000000000004
2246,66,50,0.1
2247,66,51,0.4
2248,66,53,1.3000000000000003
2249,66,54,0.30000000000000004
2250,66,55,0.7
2251,66,56,2.400000000000001
2252,66,57,1.7000000000000004
2253,66,58,0.30000000000000004
2254,66,59,1.8000000000000005
2255,66,60,1.0
2256,66,61,0.5
2257,66,62,0.30000000000000004
2258,66,63,0.7
2259,66,65,8.29999999999999
2260,66,66,45.40000000000015
2261,66,67,4.999999999999999
2262,66,68,19.1
2263,66,70,1.0999999999999999
2264,66,71,0.2
2265,67,10,0.1
2266,67,11,0.2
2267,67,13,0.30000000000000004
2268,67,16,0.1
2269,67,17,0.1
2270,67,19,0.1
2271,67,24,0.1
2272,67,25,0.2
2273,67,33,0.30000000000000004
2274,67,35,0.4
2275,67,36,0.1
2276,67,37,0.4
2277,67,38,0.2
2278,67,39,0.2
2279,67,42,0.30000000000000004
2280,67,43,0.4
2281,67,44,0.7999999999999999
2282,67,45,0.5
2283,67,46,0.1
2284,67,48,0.4
2285,67,50,0.7999999999999999
2286,67,51,0.7999999999999999
2287,67,53,4.100000000000001
2288,67,54,0.30000000000000004
2289,67,55,1.2
2290,67,56,7.699999999999991
2291,67,57,4.8999999999999995
2292,67,58,1.2
2293,67,59,4.999999999999998
2294,67,6,0.1
2295,67,60,1.2
2296,67,62,0.5
2297,67,63,0.1
2298,67,65,120.09999999999796
2299,67,66,5.699999999999998
2300,67,67,72.40000000000023
2301,67,68,6.499999999999994
2302,67,69,0.1
2303,67,70,12.199999999999976
2304,67,71,1.0999999999999999
2305,67,72,0.4
2306,67,73,0.1
2307,67,8,0.1
2308,68,24,0.1
2309,68,25,0.1
2310,68,27,0.2
2311,68,33,0.1
2312,68,36,0.1
2313,68,37,0.1
2314,68,43,0.5
2315,68,44,0.1
2316,68,50,0.1
2317,68,51,0.2
2318,68,53,0.7999999999999999
2319,68,54,0.4
2320,68,55,0.5
2321,68,56,1.7000000000000002
2322,68,57,1.6000000000000003
2323,68,58,0.5
2324,68,59,1.2
2325,68,60,0.5
2326,68,62,0.1
2327,68,65,6.2999999999999945
2328,68,66,18.400000000000002
2329,68,67,6.2999999999999945
2330,68,68,13.199999999999974
2331,68,70,1.8000000000000005
2332,69,13,0.1
2333,69,30,0.1
2334,69,38,0.1
2335,69,39,1.0999999999999999
2336,69,40,0.1
2337,69,45,0.1
2338,69,47,0.1
2339,69,48,1.2
2340,69,49,0.30000000000000004
2341,69,65,0.1
2342,69,67,0.1
2343,69,69,6.599999999999995
2344,69,72,0.1
2345,7,0,0.1
2346,7,10,6.999999999999996
2347,7,11,3.2000000000000015
2348,7,12,1.6000000000000003
2349,7,13,5.1999999999999975
2350,7,14,5.099999999999998
2351,7,15,0.1
2352,7,16,1.2
2353,7,17,0.7999999999999999
2354,7,2,0.7
2355,7,24,0.1
2356,7,25,1.4000000000000004
2357,7,27,0.1
2358,7,29,0.1
2359,7,3,0.5
2360,7,33,0.1
2361,7,37,0.1
2362,7,38,0.2
2363,7,4,1.0
2364,7,43,0.1
2365,7,45,0.1
2366,7,46,0.30000000000000004
2367,7,5,0.4
2368,7,6,1.4000000000000001
2369,7,65,0.2
2370,7,7,11.799999999999988
2371,7,8,9.099999999999985
2372,7,9,14.399999999999965
2373,70,14,0.1
2374,70,18,0.1
2375,70,24,0.1
2376,70,31,0.1
2377,70,35,0.2
2378,70,43,0.30000000000000004
2379,70,45,0.2
2380,70,48,0.2
2381,70,50,0.1
2382,70,53,0.7
2383,70,54,0.1
2384,70,55,0.30000000000000004
2385,70,56,1.4
2386,70,57,0.4
2387,70,58,0.6
2388,70,59,0.2
2389,70,60,0.2
2390,70,65,6.199999999999994
2391,70,66,1.3
2392,70,67,10.699999999999982
2393,70,68,1.9000000000000006
2394,70,70,28.300000000000097
2395,70,71,0.8999999999999999
2396,70,72,0.1
2397,70,8,0.1
2398,71,11,0.1
2399,71,12,0.1
2400,71,14,0.1
2401,71,16,0.1
2402,71,18,0.2
2403,71,20,0.1
2404,71,24,0.2
2405,71,37,0.30000000000000004
2406,71,43,0.4
2407,71,44,0.2
2408,71,45,0.30000000000000004
2409,71,46,0.1
2410,71,50,0.2
2411,71,51,0.1
2412,71,53,0.30000000000000004
2413,71,54,0.1
2414,71,56,0.6
2415,71,57,0.5
2416,71,65,1.4000000000000001
2417,71,67,1.3
2418,71,70,0.8
2419,71,71,68.40000000000038
2420,71,72,2.2000000000000006
2421,71,73,0.4
2422,72,45,0.1
2423,72,48,0.2
2424,72,56,0.4
2425,72,58,0.2
2426,72,65,0.30000000000000004
2427,72,67,0.5
2428,72,69,0.1
2429,72,70,0.2
2430,72,71,2.600000000000001
2431,72,72,19.000000000000004
2432,73,11,0.1
2433,73,13,0.1
2434,73,2,0.1
2435,73,20,0.1
2436,73,48,0.1
2437,73,55,0.2
2438,73,65,0.1
2439,73,71,0.2
2440,73,73,1.0999999999999999
2441,73,74,0.6
2442,74,14,0.1
2443,74,56,0.2
2444,74,58,0.1
2445,74,61,0.1
2446,74,65,0.1
2447,74,73,0.5
2448,74,74,15.899999999999975
2449,8,0,1.3
2450,8,1,0.4
2451,8,10,13.29999999999997
2452,8,11,80.49999999999986
2453,8,12,86.99999999999957
2454,8,13,160.6999999999961
2455,8,14,83.39999999999965
2456,8,15,4.799999999999999
2457,8,16,17.69999999999998
2458,8,17,15.299999999999963
2459,8,18,0.7
2460,8,19,0.9999999999999999
2461,8,2,8.599999999999987
2462,8,20,1.5000000000000002
2463,8,21,0.30000000000000004
2464,8,22,0.1
2465,8,24,0.9999999999999999
2466,8,25,0.2
2467,8,27,0.7
2468,8,28,0.30000000000000004
2469,8,29,0.2
2470,8,3,4.300000000000001
2471,8,31,0.2
2472,8,34,0.1
2473,8,35,0.1
2474,8,36,0.4
2475,8,37,0.5
2476,8,38,0.8999999999999999
2477,8,39,0.6
2478,8,4,6.599999999999995
2479,8,42,0.2
2480,8,43,0.2
2481,8,44,0.9999999999999999
2482,8,45,0.30000000000000004
2483,8,46,0.5
2484,8,47,0.7999999999999999
2485,8,48,0.5
2486,8,49,0.4
2487,8,5,10.299999999999981
2488,8,50,0.2
2489,8,51,0.1
2490,8,53,0.6
2491,8,55,0.2
2492,8,56,0.2
2493,8,57,0.7
2494,8,59,0.1
2495,8,6,35.10000000000021
2496,8,60,0.1
2497,8,63,0.1
2498,8,65,0.4
2499,8,67,0.30000000000000004
2500,8,7,8.999999999999986
2501,8,8,241.7999999999916
2502,8,9,116.79999999999822
2503,9,0,0.5
2504,9,10,62.10000000000053
2505,9,11,29.400000000000116
2506,9,12,29.500000000000146
2507,9,13,51.20000000000041
2508,9,14,80.99999999999986
2509,9,15,2.2000000000000006
2510,9,16,11.599999999999978
2511,9,17,5.099999999999998
2512,9,18,0.5
2513,9,19,0.30000000000000004
2514,9,2,5.599999999999996
2515,9,20,0.6
2516,9,23,0.1
2517,9,24,1.0999999999999999
2518,9,27,0.2
2519,9,29,0.2
2520,9,3,2.0000000000000004
2521,9,31,0.2
2522,9,33,0.1
2523,9,35,0.30000000000000004
2524,9,37,0.1
2525,9,38,0.2
2526,9,39,0.30000000000000004
2527,9,4,2.400000000000001
2528,9,41,0.2
2529,9,43,0.5
2530,9,44,0.1
2531,9,45,0.2
2532,9,48,0.30000000000000004
2533,9,49,0.1
2534,9,5,4.999999999999999
2535,9,50,0.2
2536,9,53,0.30000000000000004
2537,9,55,0.2
2538,9,56,0.4
2539,9,57,0.30000000000000004
2540,9,59,0.1
2541,9,6,12.599999999999971
2542,9,65,0.2
2543,9,7,15.299999999999962
2544,9,8,114.29999999999816
2545,9,9,543.4000000000267
